<?xml version="1.0" encoding="UTF-8"?>
<project-private xmlns="http://www.netbeans.org/ns/project-private/1">
    <editor-bookmarks xmlns="http://www.netbeans.org/ns/editor-bookmarks/2" lastBookmarkId="0"/>
    <open-files xmlns="http://www.netbeans.org/ns/projectui-open-files/2">
        <group>
            <file>file:/home/esteban/NetBeansProjects/VeMecManager/src/java/controller/SpringController.java</file>
            <file>file:/home/esteban/NetBeansProjects/VeMecManager/web/WEB-INF/jsp/datosVeMec.jsp</file>
            <file>file:/home/esteban/NetBeansProjects/VeMecManager/web/WEB-INF/jsp/index.jsp</file>
            <file>file:/home/esteban/NetBeansProjects/VeMecManager/src/java/entities/VeMec.java</file>
            <file>file:/home/esteban/NetBeansProjects/VeMecManager/web/WEB-INF/jsp/registrosVeMec.jsp</file>
        </group>
    </open-files>
</project-private>
