<?xml version="1.0" encoding="UTF-8"?>
<project-private xmlns="http://www.netbeans.org/ns/project-private/1">
    <editor-bookmarks xmlns="http://www.netbeans.org/ns/editor-bookmarks/2" lastBookmarkId="0"/>
    <open-files xmlns="http://www.netbeans.org/ns/projectui-open-files/2">
        <group>
            <file>file:/home/esteban/NetBeansProjects/VeMecManager/web/WEB-INF/web.xml</file>
            <file>file:/home/esteban/NetBeansProjects/VeMecManager/web/WEB-INF/beans.xml</file>
            <file>file:/home/esteban/NetBeansProjects/VeMecManager/src/java/conf/CORSFilter.java</file>
            <file>file:/home/esteban/NetBeansProjects/VeMecManager/web/WEB-INF/jsp/datosVeMec.jsp</file>
            <file>file:/home/esteban/NetBeansProjects/VeMecManager/src/java/conf/VeMecApplication.java</file>
        </group>
    </open-files>
</project-private>
